{"stats":{"minecraft:killed":{"hmag:ghost":4,"minecraft:pig":8,"minecraft:spider":3,"minecraft:sheep":1,"hmag:zombie_girl":1,"minecraft:zombie":2,"minecraft:cow":7},"minecraft:picked_up":{"minecraft:crafting_table":7,"minecraft:leather":8,"minecraft:tuff":2,"minecraft:string":1,"minecraft:dirt":1,"minecraft:raw_copper":36,"shieldexp:wooden_shield":1,"minecraft:wheat_seeds":1,"minecraft:beef":12,"minecraft:iron_ingot":3,"minecraft:glowstone_dust":1,"minecraft:furnace":5,"minecraft:raw_iron":52,"hmag:soul_powder":8,"minecraft:oak_fence":1,"minecraft:jungle_planks":1,"minecraft:sand":12,"minecraft:porkchop":18,"minecraft:spruce_sapling":3,"tombstone:grave_dust":2,"minecraft:spruce_log":43,"minecraft:arrow":2,"minecraft:oak_wood":2,"minecraft:rotten_flesh":3,"minecraft:stone_axe":1,"minecraft:mutton":2,"minecraft:coal":142,"minecraft:white_wool":1,"minecraft:cobblestone":75},"minecraft:crafted":{"minecraft:cooked_porkchop":18,"minecraft:crafting_table":1,"minecraft:spruce_planks":28,"minecraft:iron_helmet":1,"minecraft:wooden_pickaxe":1,"minecraft:iron_sword":1,"minecraft:furnace":2,"minecraft:copper_ingot":7,"minecraft:stone_axe":1,"shieldexp:iron_shield":1,"minecraft:cooked_mutton":2,"minecraft:air":0,"minecraft:iron_boots":1,"minecraft:iron_chestplate":1,"minecraft:iron_axe":1,"minecraft:stick":16,"minecraft:iron_ingot":40,"shieldexp:wooden_shield":1,"minecraft:iron_pickaxe":1,"minecraft:stone_pickaxe":1,"minecraft:wooden_axe":1,"minecraft:stone_sword":1,"minecraft:iron_leggings":1},"minecraft:broken":{"minecraft:stone_pickaxe":1},"minecraft:dropped":{"minecraft:stone_axe":1,"minecraft:wheat_seeds":1,"minecraft:stone_sword":1,"minecraft:tuff":1,"minecraft:rotten_flesh":1,"shieldexp:wooden_shield":2,"minecraft:spruce_log":18,"minecraft:spruce_sapling":2},"minecraft:used":{"minecraft:cooked_mutton":2,"minecraft:stone_sword":33,"minecraft:stone_pickaxe":131,"minecraft:spruce_planks":2,"minecraft:wooden_pickaxe":14,"minecraft:iron_sword":27,"minecraft:dirt":1,"minecraft:sand":4,"minecraft:crafting_table":7,"minecraft:oak_wood":2,"minecraft:tuff":1,"minecraft:wooden_axe":35,"minecraft:iron_axe":1,"minecraft:iron_pickaxe":97,"minecraft:spruce_sapling":1,"minecraft:stone_axe":22,"minecraft:furnace":5,"minecraft:cooked_porkchop":8},"minecraft:mined":{"minecraft:tuff":2,"minecraft:oak_fence":1,"minecraft:crafting_table":7,"minecraft:oak_wood":2,"minecraft:grass_block":1,"minecraft:jungle_planks":1,"minecraft:copper_ore":11,"minecraft:deepslate_coal_ore":17,"minecraft:furnace":5,"minecraft:iron_ore":40,"minecraft:blue_ice":8,"minecraft:spruce_log":25,"minecraft:grass":8,"minecraft:coal_ore":54,"minecraft:deepslate_iron_ore":14,"minecraft:sand":17,"minecraft:packed_ice":16,"minecraft:stone":75},"minecraft:custom":{"minecraft:interact_with_furnace":41,"minecraft:mob_kills":28,"minecraft:interact_with_crafting_table":19,"minecraft:open_barrel":3,"minecraft:time_since_death":32118,"minecraft:time_since_rest":31375,"minecraft:sprint_one_cm":112822,"minecraft:damage_taken":919,"minecraft:walk_one_cm":125946,"minecraft:drop":10,"minecraft:damage_dealt":3838,"minecraft:swim_one_cm":1384,"minecraft:talked_to_villager":1,"minecraft:fly_one_cm":110557,"minecraft:open_chest":4,"minecraft:crouch_one_cm":45,"minecraft:play_time":47784,"tombstone:undead_killed":7,"minecraft:deaths":1,"minecraft:sneak_time":77,"minecraft:walk_under_water_one_cm":623,"minecraft:jump":778,"minecraft:walk_on_water_one_cm":8415,"minecraft:total_world_time":47784,"minecraft:fall_one_cm":22287}},"DataVersion":3465}