{"stats":{"minecraft:killed":{"hmag:ghost":2,"minecraft:pig":8,"minecraft:spider":2,"minecraft:sheep":1,"hmag:zombie_girl":1,"minecraft:zombie":2},"minecraft:picked_up":{"minecraft:crafting_table":7,"minecraft:tuff":2,"minecraft:string":1,"minecraft:dirt":1,"minecraft:raw_copper":36,"shieldexp:wooden_shield":1,"minecraft:iron_ingot":2,"minecraft:glowstone_dust":1,"minecraft:furnace":5,"minecraft:raw_iron":42,"hmag:soul_powder":4,"minecraft:porkchop":18,"minecraft:spruce_sapling":3,"tombstone:grave_dust":2,"minecraft:spruce_log":43,"minecraft:oak_wood":2,"minecraft:rotten_flesh":3,"minecraft:stone_axe":1,"minecraft:mutton":2,"minecraft:coal":142,"minecraft:white_wool":1,"minecraft:cobblestone":75},"minecraft:crafted":{"minecraft:cooked_porkchop":18,"minecraft:crafting_table":1,"minecraft:spruce_planks":28,"minecraft:iron_helmet":1,"minecraft:wooden_pickaxe":1,"minecraft:iron_sword":1,"minecraft:furnace":2,"minecraft:copper_ingot":7,"minecraft:stone_axe":1,"shieldexp:iron_shield":1,"minecraft:cooked_mutton":2,"minecraft:air":0,"minecraft:iron_boots":1,"minecraft:iron_chestplate":1,"minecraft:iron_axe":1,"minecraft:stick":16,"minecraft:iron_ingot":40,"shieldexp:wooden_shield":1,"minecraft:iron_pickaxe":1,"minecraft:stone_pickaxe":1,"minecraft:wooden_axe":1,"minecraft:stone_sword":1,"minecraft:iron_leggings":1},"minecraft:broken":{"minecraft:stone_pickaxe":1},"minecraft:dropped":{"minecraft:stone_axe":1,"minecraft:stone_sword":1,"minecraft:tuff":1,"minecraft:rotten_flesh":1,"shieldexp:wooden_shield":2,"minecraft:spruce_log":18,"minecraft:spruce_sapling":2},"minecraft:used":{"minecraft:cooked_mutton":2,"minecraft:stone_sword":33,"minecraft:stone_pickaxe":131,"minecraft:wooden_pickaxe":14,"minecraft:iron_sword":10,"minecraft:dirt":1,"minecraft:crafting_table":7,"minecraft:oak_wood":2,"minecraft:tuff":1,"minecraft:wooden_axe":35,"minecraft:iron_axe":1,"minecraft:iron_pickaxe":63,"minecraft:spruce_sapling":1,"minecraft:stone_axe":7,"minecraft:furnace":5,"minecraft:cooked_porkchop":3},"minecraft:mined":{"minecraft:tuff":2,"minecraft:crafting_table":7,"minecraft:oak_wood":2,"minecraft:grass_block":1,"minecraft:copper_ore":11,"minecraft:deepslate_coal_ore":17,"minecraft:furnace":5,"minecraft:iron_ore":30,"minecraft:spruce_log":25,"minecraft:grass":7,"minecraft:coal_ore":54,"minecraft:deepslate_iron_ore":14,"minecraft:stone":75},"minecraft:custom":{"minecraft:interact_with_furnace":41,"minecraft:mob_kills":16,"minecraft:interact_with_crafting_table":19,"minecraft:time_since_death":20118,"minecraft:time_since_rest":19375,"minecraft:sprint_one_cm":55719,"minecraft:damage_taken":560,"minecraft:walk_one_cm":89585,"minecraft:drop":9,"minecraft:damage_dealt":2321,"minecraft:fly_one_cm":50902,"minecraft:play_time":35784,"tombstone:undead_killed":5,"minecraft:deaths":1,"minecraft:sneak_time":25,"minecraft:walk_under_water_one_cm":230,"minecraft:jump":490,"minecraft:walk_on_water_one_cm":389,"minecraft:total_world_time":35784,"minecraft:fall_one_cm":11735}},"DataVersion":3465}