{"stats":{"minecraft:killed":{"minecraft:sheep":1,"hmag:ghost":2,"minecraft:pig":8,"minecraft:zombie":2,"minecraft:spider":1},"minecraft:picked_up":{"minecraft:raw_iron":21,"minecraft:crafting_table":4,"hmag:soul_powder":4,"minecraft:porkchop":18,"minecraft:spruce_sapling":3,"tombstone:grave_dust":2,"minecraft:spruce_log":43,"minecraft:raw_copper":36,"minecraft:oak_wood":2,"minecraft:rotten_flesh":1,"minecraft:glowstone_dust":1,"minecraft:mutton":2,"minecraft:coal":19,"minecraft:white_wool":1,"minecraft:cobblestone":68,"minecraft:furnace":4},"minecraft:crafted":{"minecraft:cooked_porkchop":18,"minecraft:crafting_table":1,"minecraft:spruce_planks":28,"minecraft:stick":12,"minecraft:iron_ingot":21,"shieldexp:wooden_shield":1,"minecraft:wooden_pickaxe":1,"minecraft:stone_pickaxe":1,"minecraft:wooden_axe":1,"minecraft:iron_sword":1,"minecraft:stone_sword":1,"minecraft:furnace":2,"minecraft:copper_ingot":7,"minecraft:stone_axe":1,"minecraft:cooked_mutton":2,"minecraft:air":0},"minecraft:dropped":{"minecraft:stone_sword":1,"minecraft:rotten_flesh":1,"minecraft:spruce_log":18,"minecraft:spruce_sapling":2},"minecraft:used":{"minecraft:wooden_axe":35,"minecraft:stone_sword":33,"minecraft:stone_pickaxe":100,"minecraft:wooden_pickaxe":14,"minecraft:spruce_sapling":1,"minecraft:stone_axe":5,"minecraft:crafting_table":4,"minecraft:furnace":4,"minecraft:oak_wood":2},"minecraft:mined":{"minecraft:furnace":4,"minecraft:iron_ore":21,"minecraft:spruce_log":25,"minecraft:crafting_table":4,"minecraft:grass":7,"minecraft:oak_wood":2,"minecraft:coal_ore":8,"minecraft:deepslate_iron_ore":2,"minecraft:copper_ore":11,"minecraft:stone":68},"minecraft:custom":{"minecraft:time_since_rest":7375,"minecraft:interact_with_furnace":32,"minecraft:sprint_one_cm":36855,"minecraft:damage_taken":240,"minecraft:walk_one_cm":58180,"minecraft:mob_kills":14,"minecraft:drop":5,"minecraft:damage_dealt":1859,"minecraft:interact_with_crafting_table":13,"minecraft:fly_one_cm":31964,"minecraft:deaths":1,"minecraft:play_time":23784,"tombstone:undead_killed":4,"minecraft:sneak_time":25,"minecraft:walk_under_water_one_cm":230,"minecraft:jump":271,"minecraft:walk_on_water_one_cm":389,"minecraft:time_since_death":8118,"minecraft:total_world_time":23784,"minecraft:fall_one_cm":7243}},"DataVersion":3465}