{"stats":{"minecraft:killed":{"hmag:ghost":1,"minecraft:zombie":2,"minecraft:spider":1},"minecraft:picked_up":{"minecraft:raw_iron":9,"minecraft:crafting_table":3,"hmag:soul_powder":3,"minecraft:spruce_sapling":3,"tombstone:grave_dust":2,"minecraft:spruce_log":25,"minecraft:raw_copper":21,"minecraft:rotten_flesh":1,"minecraft:coal":13,"minecraft:cobblestone":18,"minecraft:furnace":1},"minecraft:crafted":{"minecraft:crafting_table":1,"minecraft:spruce_planks":24,"minecraft:stick":12,"shieldexp:wooden_shield":1,"minecraft:wooden_pickaxe":1,"minecraft:stone_pickaxe":1,"minecraft:wooden_axe":1,"minecraft:stone_sword":1,"minecraft:furnace":1,"minecraft:copper_ingot":7,"minecraft:stone_axe":1,"minecraft:air":0},"minecraft:dropped":{"minecraft:rotten_flesh":1,"minecraft:spruce_sapling":2},"minecraft:used":{"minecraft:wooden_axe":35,"minecraft:stone_sword":5,"minecraft:stone_pickaxe":30,"minecraft:wooden_pickaxe":14,"minecraft:spruce_sapling":1,"minecraft:stone_axe":2,"minecraft:crafting_table":3,"minecraft:furnace":1},"minecraft:mined":{"minecraft:furnace":1,"minecraft:iron_ore":9,"minecraft:spruce_log":25,"minecraft:crafting_table":3,"minecraft:grass":2,"minecraft:coal_ore":8,"minecraft:copper_ore":8,"minecraft:stone":18},"minecraft:custom":{"minecraft:time_since_rest":11784,"minecraft:interact_with_furnace":7,"minecraft:sprint_one_cm":11982,"minecraft:damage_taken":150,"minecraft:walk_one_cm":28687,"minecraft:mob_kills":4,"minecraft:drop":3,"minecraft:damage_dealt":799,"minecraft:interact_with_crafting_table":8,"minecraft:fly_one_cm":6499,"minecraft:play_time":11784,"tombstone:undead_killed":3,"minecraft:jump":70,"minecraft:time_since_death":11784,"minecraft:total_world_time":11784,"minecraft:fall_one_cm":2946}},"DataVersion":3465}